*CIŚNIENIOWY ekspres do kawy 1470W 15bar Spieniacz*1000,00 zł*599,99 zł*https://allegro.pl/oferta/cisnieniowy-ekspres-do-kawy-1470w-15bar-spieniacz-9437690020
*BLENDER RĘCZNY WIELOFUNKCYJNY SALAN FAST 1200W*299,00 zł*139,00 zł*https://allegro.pl/oferta/blender-reczny-wielofunkcyjny-salan-fast-1200w-9291656852
*ROBOT KUCHENNY MIKSER PLANETARNY ROBOMAX X-1200-W*799,00 zł*299,00 zł*https://allegro.pl/oferta/robot-kuchenny-mikser-planetarny-robomax-x-1200-w-9673726320
*ROBOT KUCHENNY MIKSER PLANETARNY ROBOMAX X-2000-W*1499,00 zł*469,00 zł*https://allegro.pl/oferta/robot-kuchenny-mikser-planetarny-robomax-x-2000-w-9320300147
*BLENDER KIELICHOWY DO KOKTAJLI 3W1 SALAN FAST 900W*259,00 zł*149,00 zł*https://allegro.pl/oferta/blender-kielichowy-do-koktajli-3w1-salan-fast-900w-9291788792
*ROBOT KUCHENNY MIKSER PLANETARNY ROBOMAX X-1200-W*799,00 zł*279,00 zł*https://allegro.pl/oferta/robot-kuchenny-mikser-planetarny-robomax-x-1200-w-9673782528
*ROBOT KUCHENNY MIKSER PLANETARNY ROBOMAX X-1200-W*799,00 zł*299,00 zł*https://allegro.pl/oferta/robot-kuchenny-mikser-planetarny-robomax-x-1200-w-9673768267
*BLENDER RĘCZNY WIELOFUNKCYJNY 1200W MIKSER MARKOWY*360,00 zł*159,99 zł*https://allegro.pl/oferta/blender-reczny-wielofunkcyjny-1200w-mikser-markowy-9579649418
*MŁYNEK do mielenia kawy elektryczny MOCNY 200W*170,00 zł*99,99 zł*https://allegro.pl/oferta/mlynek-do-mielenia-kawy-elektryczny-mocny-200w-9633426321
*BLENDER RĘCZNY WIELOFUNKCYJNY 1200W 4w1 ZESTAW*400,00 zł*199,99 zł*https://allegro.pl/oferta/blender-reczny-wielofunkcyjny-1200w-4w1-zestaw-9579652645
*Microsoft Office 2019 PRO 32/64 / 1PC / OEM / PL*199,00 zł*104,99 zł*https://allegro.pl/events/clicks?emission_unit_id=750cb2ba-8931-47e7-91a4-954b990a5f43&type=OFFER&ts=1605088841378&redirect=https%3A%2F%2Fallegro.pl%2Foferta%2Fmicrosoft-office-2019-pro-32-64-1pc-oem-pl-9764722759%3Fbi_s%3Dads%26bi_m%3Dlisting%253Adesktop%253Aqueryandcategory%26bi_c%3DZTU1YjUyMjItMTg3MS00OWJjLWEzYjItN2E2NWM2YjBjZjg0AA%26bi_t%3Dape&placement=listing:desktop:queryandcategory&sig=87043fd9efb89d8c3adb16be36af7491
*GOFROWNICA na 4 chrupiące GOFRY 1500W DUŻA MOC*350,00 zł*199,99 zł*https://allegro.pl/oferta/gofrownica-na-4-chrupiace-gofry-1500w-duza-moc-9626336124
*WYCISKARKA WOLNOOBROTOWA DO SOKÓW KERCH MUSE 400W*699,00 zł*269,00 zł*https://allegro.pl/oferta/wyciskarka-wolnoobrotowa-do-sokow-kerch-muse-400w-9315338169
*WYCISKARKA WOLNOOBROTOWA SQEEZEMAX X-800-W 3w1*1499,00 zł*649,00 zł*https://allegro.pl/oferta/wyciskarka-wolnoobrotowa-sqeezemax-x-800-w-3w1-9482717414
*WYCISKARKA WOLNOOBROTOWA SQEEZEMAX X-800-W 3w1*1499,00 zł*719,00 zł*https://allegro.pl/oferta/wyciskarka-wolnoobrotowa-sqeezemax-x-800-w-3w1-9482691120
*Ekspres przelewowy do kawy 1,8L 1000W LED FILTR*350,00 zł*199,99 zł*https://allegro.pl/oferta/ekspres-przelewowy-do-kawy-1-8l-1000w-led-filtr-9436935260
*NUTRI BLENDER 1200W MIKSOWANIE MIELENIE KOKTAJLE*500,00 zł*219,99 zł*https://allegro.pl/oferta/nutri-blender-1200w-miksowanie-mielenie-koktajle-9527098861
*Ekspres przelewowy do kawy 1,5L 1000W LCD FILTR*300,00 zł*129,99 zł*https://allegro.pl/oferta/ekspres-przelewowy-do-kawy-1-5l-1000w-lcd-filtr-9436909382
*WYCISKARKA WOLNOOBROTOWA SQEEZEMAX X-800-W 3w1*1499,00 zł*699,00 zł*https://allegro.pl/oferta/wyciskarka-wolnoobrotowa-sqeezemax-x-800-w-3w1-9482330876
*Waga kuchenna elektroniczna INOX LED MARKOWA*180,00 zł*79,99 zł*https://allegro.pl/oferta/waga-kuchenna-elektroniczna-inox-led-markowa-9297440922
*Oczyszczacz powietrza z jonizacją 4x FILTR GRATIS*1000,00 zł*499,99 zł*https://allegro.pl/oferta/oczyszczacz-powietrza-z-jonizacja-4x-filtr-gratis-9577828892
*Mobilny STOJAK TV Stand do telewizora LCD 32-65' B*899,00 zł*339,00 zł*https://allegro.pl/events/clicks?emission_unit_id=e8f804b8-8ba9-4f2a-baa4-cd1e3e206f93&type=OFFER&ts=1605088841378&redirect=https%3A%2F%2Fallegro.pl%2Foferta%2Fmobilny-stojak-tv-stand-do-telewizora-lcd-32-65-b-7099162338%3Fbi_s%3Dads%26bi_m%3Dlisting%253Adesktop%253Aqueryandcategory%26bi_c%3DMmNjODA1ZDgtM2Q4OC00NmNjLTk5MTctZTgxODU3MmI1MjNhAA%26bi_t%3Dape&placement=listing:desktop:queryandcategory&sig=65151a1f2ebc5e48ad66e14a868a0853
*THERMOMIX TM6 TM5 OSŁONA NOŻA MIKSUJĄCEGO*na drugą sztukę*99,00 zł*https://allegro.pl/oferta/thermomix-tm6-tm5-oslona-noza-miksujacego-9507879825
*Żelazko parowe BARDZO DUŻE First Austria 2600 W*149,00 zł*79,90 zł*https://allegro.pl/oferta/zelazko-parowe-bardzo-duze-first-austria-2600-w-9790885529
*SŁUCHAWKI BEZPRZEWODOWE do Xiaomi Huawei Samsung*319,00 zł*159,00 zł*https://allegro.pl/oferta/sluchawki-bezprzewodowe-do-xiaomi-huawei-samsung-9742086524
*FIRMOWE GŁOŚNIKI KOMPUTEROWE 2.0 JACK ZASILANIE*79,00 zł*40,00 zł*https://allegro.pl/oferta/firmowe-glosniki-komputerowe-2-0-jack-zasilanie-9243001366
*BLENDER RĘCZNY WIELOFUNKCYJNY KERCH QUICK 1200W*299,00 zł*50,90 zł*https://allegro.pl/oferta/blender-reczny-wielofunkcyjny-kerch-quick-1200w-7922552350
*Wkład Filtr do DAFI BRITA MAXTRA UNIMAX AQUAPHOR 8*599,00 zł*149,00 zł*https://allegro.pl/oferta/wklad-filtr-do-dafi-brita-maxtra-unimax-aquaphor-8-7430840447
*PIEKARNIK ELEKTRYCZNY 45L TERMOOBIEG+ROŻNO+GRILL*149,00 zł*349,00 zł*https://allegro.pl/oferta/piekarnik-elektryczny-45l-termoobieg-rozno-grill-6907093748
*KUCHENNY MIKSER RĘCZNY MISĄ OBROTOWĄ 3,4L TURBO*380,00 zł*99,00 zł*https://allegro.pl/oferta/kuchenny-mikser-reczny-misa-obrotowa-3-4l-turbo-9655155106
*FRYTKOWNICA BEZTŁUSZCZOWA 2,5L FRYTOWNICA LED*399,00 zł*249,99 zł*https://allegro.pl/oferta/frytkownica-beztluszczowa-2-5l-frytownica-led-8363297784
*BLENDER KIELICHOWY DO KOKTAJLI 4W1 KERCH FIT 900W*4999,00 zł*159,00 zł*https://allegro.pl/oferta/blender-kielichowy-do-koktajli-4w1-kerch-fit-900w-9659776491
*Drukarka 3D Creality CR-10 Max 450x450mm*249,00 zł*4 149,00 zł*https://allegro.pl/events/clicks?emission_unit_id=5857ff3f-d6a9-47be-861f-74275d3e6648&type=OFFER&ts=1605088841378&redirect=https%3A%2F%2Fallegro.pl%2Foferta%2Fdrukarka-3d-creality-cr-10-max-450x450mm-9722253798%3Fbi_s%3Dads%26bi_m%3Dlisting%253Adesktop%253Aqueryandcategory%26bi_c%3DODljM2EyNmEtYTYwYi00ZTRjLTlmMjItMjhjNjA5YmI5N2QzAA%26bi_t%3Dape&placement=listing:desktop:queryandcategory&sig=fe79998c6c25b7d98abc47ad2fcd2004
*BLENDER KIELICHOWY DO KOKTAJLI SMOOTHIE MIKSER*559,00 zł*118,90 zł*https://allegro.pl/oferta/blender-kielichowy-do-koktajli-smoothie-mikser-9587066564
*ODKURZACZ BEZWORKOWY CYKLONOWY 3300 +TURBOSZCZOTKA*1000,00 zł*309,00 zł*https://allegro.pl/oferta/odkurzacz-bezworkowy-cyklonowy-3300-turboszczotka-8833004323
*ROBOT KUCHENNY PLANETARNY MIKSER 1400W MISA 6L*1499,00 zł*599,99 zł*https://allegro.pl/oferta/robot-kuchenny-planetarny-mikser-1400w-misa-6l-8340695407
*ROBOT KUCHENNY MIKSER PLANETARNY ROBOMAX X-2000-W*539,00 zł*449,00 zł*https://allegro.pl/oferta/robot-kuchenny-mikser-planetarny-robomax-x-2000-w-7715796559
*ODKURZACZ BEZWORKOWY CYKLONOWY 3200 +TURBOSZCZOTKA*299,00 zł*289,00 zł*https://allegro.pl/oferta/odkurzacz-bezworkowy-cyklonowy-3200-turboszczotka-7773717022
*SOKOWIRÓWKA WYSOKOOBROTOWA INOX KERCH FRUIT 1400W*349,00 zł*149,00 zł*https://allegro.pl/oferta/sokowirowka-wysokoobrotowa-inox-kerch-fruit-1400w-9275881986
*BLENDER KIELICHOWY STOJĄCY MIKSER X-850-W KOLIBER*400,00 zł*139,00 zł*https://allegro.pl/oferta/blender-kielichowy-stojacy-mikser-x-850-w-koliber-6907067954
*Grill elektryczny opiekacz 2200W rozkładany*1499,00 zł*199,99 zł*https://allegro.pl/oferta/grill-elektryczny-opiekacz-2200w-rozkladany-8573676451
*ROBOT KUCHENNY MIKSER PLANETARNY ROBOMAX X-2000-W*249,00 zł*449,00 zł*https://allegro.pl/oferta/robot-kuchenny-mikser-planetarny-robomax-x-2000-w-7715925609
*LICENCJA WINDOWS 10 PRO 32/64 PL PROFESSIONAL*270,00 zł*169,00 zł*https://allegro.pl/events/clicks?emission_unit_id=7607af85-2a91-42d1-a8b4-9b7a5e25ffcf&type=OFFER&ts=1605088841379&redirect=https%3A%2F%2Fallegro.pl%2Foferta%2Flicencja-windows-10-pro-32-64-pl-professional-8606385099%3Fbi_s%3Dads%26bi_m%3Dlisting%253Adesktop%253Aqueryandcategory%26bi_c%3DMTk0MjE5Y2EtZDFlNC00Y2M1LWJmOTQtODRiMmE2NTFhNDY1AA%26bi_t%3Dape&placement=listing:desktop:queryandcategory&sig=80c04c1e3cd49ad7ffdad47ba6c93561
*Ręczny odkurzacz bezprzewodowy o dużej mocy*259,00 zł*119,00 zł*https://allegro.pl/oferta/reczny-odkurzacz-bezprzewodowy-o-duzej-mocy-9840876651
*CZAJNIK ELEKTRYCZNY SZKLANY 1,7L LED REGUL. TEMP.*700,00 zł*139,99 zł*https://allegro.pl/oferta/czajnik-elektryczny-szklany-1-7l-led-regul-temp-8356686888
*SOKOWIRÓWKA INOX D.OTWÓR B.MOCNA X-1200-W KOLIBER*350,00 zł*149,00 zł*https://allegro.pl/oferta/sokowirowka-inox-d-otwor-b-mocna-x-1200-w-koliber-6907123788
*OSUSZACZ POWIETRZA POCHŁANIACZ WILGOCI 1700ml 90W*499,00 zł*399,99 zł*https://allegro.pl/oferta/osuszacz-powietrza-pochlaniacz-wilgoci-1700ml-90w-8750172673
*BLENDER KIELICHOWY DO SMOOTHIE KOKTAJLI 3w1 800W*700,00 zł*179,99 zł*https://allegro.pl/oferta/blender-kielichowy-do-smoothie-koktajli-3w1-800w-8721468742
*ODKURZACZ BEZWORKOWY CYKLONOWY 3000 +TURBOSZCZOTKA*800,00 zł*269,00 zł*https://allegro.pl/oferta/odkurzacz-bezworkowy-cyklonowy-3000-turboszczotka-7475115884
*BLENDER KIELICHOWY SZKLANY Kruszy Lód MOCNY 1400W*270,00 zł*299,99 zł*https://allegro.pl/oferta/blender-kielichowy-szklany-kruszy-lod-mocny-1400w-8684414163
*Piekarnik elektryczny ROŻNO TERMOOBIEG GRILL 45L*399,00 zł*399,99 zł*https://allegro.pl/oferta/piekarnik-elektryczny-rozno-termoobieg-grill-45l-8458299904
*CZAJNIK Z REGULACJĄ TEMPERATURY ELEKTRYCZNY LED*139,99 zł*139,99 zł*https://allegro.pl/oferta/czajnik-z-regulacja-temperatury-elektryczny-led-8404868981
*2w1 Parownica Steamer ŻELAZKO Prasowacz parą Yoer*359,00 zł*54,90 zł*https://allegro.pl/events/clicks?emission_unit_id=f0df9466-bb6a-43fe-8899-2182f76cfb6f&type=OFFER&ts=1605088841379&redirect=https%3A%2F%2Fallegro.pl%2Foferta%2F2w1-parownica-steamer-zelazko-prasowacz-para-yoer-9606033795%3Fbi_s%3Dads%26bi_m%3Dlisting%253Adesktop%253Aqueryandcategory%26bi_c%3DZWI5MzNmZmEtN2JjNS00MTc5LWFmYjQtYTA4MjMzMjhjMzViAA%26bi_t%3Dape&placement=listing:desktop:queryandcategory&sig=41391cb0dd0bb342e68ba36c9016fb45
*Limitowana butelka filtrująca DAFI 0,5L + 3 filtry*399,00 zł*146,00 zł*https://allegro.pl/oferta/limitowana-butelka-filtrujaca-dafi-0-5l-3-filtry-8772778320
*Mikser ręczny robot kuchenny blender rozdrabniacz*499,00 zł*79,99 zł*https://allegro.pl/oferta/mikser-reczny-robot-kuchenny-blender-rozdrabniacz-9721190660
*BLENDER RĘCZNY MALAKSER 2TARCZE KERCH ACTIVE 1200W*700,00 zł*189,00 zł*https://allegro.pl/oferta/blender-reczny-malakser-2tarcze-kerch-active-1200w-8653246254
*MEGA MOC ODKURZACZ WODNY ZILAN 8l BEZWORKOWY 2000W*59,00 zł*279,00 zł*https://allegro.pl/oferta/mega-moc-odkurzacz-wodny-zilan-8l-bezworkowy-2000w-9687388800
*Odkurzacz CYKLONOWY ZEEGMA Bezworkowy 4000W 2xHEPA*1199,00 zł*249,00 zł*https://allegro.pl/oferta/odkurzacz-cyklonowy-zeegma-bezworkowy-4000w-2xhepa-9682880906
*WYCISKARKA WOLNOOBROTOWA DO SOKÓW MOCNA 300W*259,00 zł*599,99 zł*https://allegro.pl/oferta/wyciskarka-wolnoobrotowa-do-sokow-mocna-300w-8924787536
*DUŻA GOLARKA DO UBRAŃ SWETROW TAPICERKI SIECIOWA*859,00 zł*99,00 zł*https://allegro.pl/oferta/duza-golarka-do-ubran-swetrow-tapicerki-sieciowa-8872610178
*CIŚNIENIOWY ekspres do kawy 1470W 15bar Spieniacz*1000,00 zł*599,99 zł*https://allegro.pl/oferta/cisnieniowy-ekspres-do-kawy-1470w-15bar-spieniacz-9437690020
*BLENDER RĘCZNY WIELOFUNKCYJNY SALAN FAST 1200W*299,00 zł*139,00 zł*https://allegro.pl/oferta/blender-reczny-wielofunkcyjny-salan-fast-1200w-9291656852
*ROBOT KUCHENNY MIKSER PLANETARNY ROBOMAX X-1200-W*799,00 zł*299,00 zł*https://allegro.pl/oferta/robot-kuchenny-mikser-planetarny-robomax-x-1200-w-9673726320
*ROBOT KUCHENNY MIKSER PLANETARNY ROBOMAX X-2000-W*1499,00 zł*469,00 zł*https://allegro.pl/oferta/robot-kuchenny-mikser-planetarny-robomax-x-2000-w-9320300147
*BLENDER KIELICHOWY DO KOKTAJLI 3W1 SALAN FAST 900W*259,00 zł*149,00 zł*https://allegro.pl/oferta/blender-kielichowy-do-koktajli-3w1-salan-fast-900w-9291788792
*ROBOT KUCHENNY MIKSER PLANETARNY ROBOMAX X-1200-W*799,00 zł*279,00 zł*https://allegro.pl/oferta/robot-kuchenny-mikser-planetarny-robomax-x-1200-w-9673782528
*ROBOT KUCHENNY MIKSER PLANETARNY ROBOMAX X-1200-W*799,00 zł*299,00 zł*https://allegro.pl/oferta/robot-kuchenny-mikser-planetarny-robomax-x-1200-w-9673768267
*BLENDER RĘCZNY WIELOFUNKCYJNY 1200W MIKSER MARKOWY*360,00 zł*159,99 zł*https://allegro.pl/oferta/blender-reczny-wielofunkcyjny-1200w-mikser-markowy-9579649418
*MŁYNEK do mielenia kawy elektryczny MOCNY 200W*170,00 zł*99,99 zł*https://allegro.pl/oferta/mlynek-do-mielenia-kawy-elektryczny-mocny-200w-9633426321
*BLENDER RĘCZNY WIELOFUNKCYJNY 1200W 4w1 ZESTAW*400,00 zł*199,99 zł*https://allegro.pl/oferta/blender-reczny-wielofunkcyjny-1200w-4w1-zestaw-9579652645
*Microsoft Office 2019 PRO 32/64 / 1PC / OEM / PL*199,00 zł*104,99 zł*https://allegro.pl/events/clicks?emission_unit_id=750cb2ba-8931-47e7-91a4-954b990a5f43&type=OFFER&ts=1605088841378&redirect=https%3A%2F%2Fallegro.pl%2Foferta%2Fmicrosoft-office-2019-pro-32-64-1pc-oem-pl-9764722759%3Fbi_s%3Dads%26bi_m%3Dlisting%253Adesktop%253Aqueryandcategory%26bi_c%3DZTU1YjUyMjItMTg3MS00OWJjLWEzYjItN2E2NWM2YjBjZjg0AA%26bi_t%3Dape&placement=listing:desktop:queryandcategory&sig=87043fd9efb89d8c3adb16be36af7491
*GOFROWNICA na 4 chrupiące GOFRY 1500W DUŻA MOC*350,00 zł*199,99 zł*https://allegro.pl/oferta/gofrownica-na-4-chrupiace-gofry-1500w-duza-moc-9626336124
*WYCISKARKA WOLNOOBROTOWA DO SOKÓW KERCH MUSE 400W*699,00 zł*269,00 zł*https://allegro.pl/oferta/wyciskarka-wolnoobrotowa-do-sokow-kerch-muse-400w-9315338169
*WYCISKARKA WOLNOOBROTOWA SQEEZEMAX X-800-W 3w1*1499,00 zł*649,00 zł*https://allegro.pl/oferta/wyciskarka-wolnoobrotowa-sqeezemax-x-800-w-3w1-9482717414
*WYCISKARKA WOLNOOBROTOWA SQEEZEMAX X-800-W 3w1*1499,00 zł*719,00 zł*https://allegro.pl/oferta/wyciskarka-wolnoobrotowa-sqeezemax-x-800-w-3w1-9482691120
*Ekspres przelewowy do kawy 1,8L 1000W LED FILTR*350,00 zł*199,99 zł*https://allegro.pl/oferta/ekspres-przelewowy-do-kawy-1-8l-1000w-led-filtr-9436935260
*NUTRI BLENDER 1200W MIKSOWANIE MIELENIE KOKTAJLE*500,00 zł*219,99 zł*https://allegro.pl/oferta/nutri-blender-1200w-miksowanie-mielenie-koktajle-9527098861
*Ekspres przelewowy do kawy 1,5L 1000W LCD FILTR*300,00 zł*129,99 zł*https://allegro.pl/oferta/ekspres-przelewowy-do-kawy-1-5l-1000w-lcd-filtr-9436909382
*WYCISKARKA WOLNOOBROTOWA SQEEZEMAX X-800-W 3w1*1499,00 zł*699,00 zł*https://allegro.pl/oferta/wyciskarka-wolnoobrotowa-sqeezemax-x-800-w-3w1-9482330876
*Waga kuchenna elektroniczna INOX LED MARKOWA*180,00 zł*79,99 zł*https://allegro.pl/oferta/waga-kuchenna-elektroniczna-inox-led-markowa-9297440922
*Oczyszczacz powietrza z jonizacją 4x FILTR GRATIS*1000,00 zł*499,99 zł*https://allegro.pl/oferta/oczyszczacz-powietrza-z-jonizacja-4x-filtr-gratis-9577828892
*Mobilny STOJAK TV Stand do telewizora LCD 32-65' B*899,00 zł*339,00 zł*https://allegro.pl/events/clicks?emission_unit_id=e8f804b8-8ba9-4f2a-baa4-cd1e3e206f93&type=OFFER&ts=1605088841378&redirect=https%3A%2F%2Fallegro.pl%2Foferta%2Fmobilny-stojak-tv-stand-do-telewizora-lcd-32-65-b-7099162338%3Fbi_s%3Dads%26bi_m%3Dlisting%253Adesktop%253Aqueryandcategory%26bi_c%3DMmNjODA1ZDgtM2Q4OC00NmNjLTk5MTctZTgxODU3MmI1MjNhAA%26bi_t%3Dape&placement=listing:desktop:queryandcategory&sig=65151a1f2ebc5e48ad66e14a868a0853
*THERMOMIX TM6 TM5 OSŁONA NOŻA MIKSUJĄCEGO*na drugą sztukę*99,00 zł*https://allegro.pl/oferta/thermomix-tm6-tm5-oslona-noza-miksujacego-9507879825
*Żelazko parowe BARDZO DUŻE First Austria 2600 W*149,00 zł*79,90 zł*https://allegro.pl/oferta/zelazko-parowe-bardzo-duze-first-austria-2600-w-9790885529
*SŁUCHAWKI BEZPRZEWODOWE do Xiaomi Huawei Samsung*319,00 zł*159,00 zł*https://allegro.pl/oferta/sluchawki-bezprzewodowe-do-xiaomi-huawei-samsung-9742086524
*FIRMOWE GŁOŚNIKI KOMPUTEROWE 2.0 JACK ZASILANIE*79,00 zł*40,00 zł*https://allegro.pl/oferta/firmowe-glosniki-komputerowe-2-0-jack-zasilanie-9243001366
*BLENDER RĘCZNY WIELOFUNKCYJNY KERCH QUICK 1200W*299,00 zł*50,90 zł*https://allegro.pl/oferta/blender-reczny-wielofunkcyjny-kerch-quick-1200w-7922552350
*Wkład Filtr do DAFI BRITA MAXTRA UNIMAX AQUAPHOR 8*599,00 zł*149,00 zł*https://allegro.pl/oferta/wklad-filtr-do-dafi-brita-maxtra-unimax-aquaphor-8-7430840447
*PIEKARNIK ELEKTRYCZNY 45L TERMOOBIEG+ROŻNO+GRILL*149,00 zł*349,00 zł*https://allegro.pl/oferta/piekarnik-elektryczny-45l-termoobieg-rozno-grill-6907093748
*KUCHENNY MIKSER RĘCZNY MISĄ OBROTOWĄ 3,4L TURBO*380,00 zł*99,00 zł*https://allegro.pl/oferta/kuchenny-mikser-reczny-misa-obrotowa-3-4l-turbo-9655155106
*FRYTKOWNICA BEZTŁUSZCZOWA 2,5L FRYTOWNICA LED*399,00 zł*249,99 zł*https://allegro.pl/oferta/frytkownica-beztluszczowa-2-5l-frytownica-led-8363297784
*BLENDER KIELICHOWY DO KOKTAJLI 4W1 KERCH FIT 900W*4999,00 zł*159,00 zł*https://allegro.pl/oferta/blender-kielichowy-do-koktajli-4w1-kerch-fit-900w-9659776491
*Drukarka 3D Creality CR-10 Max 450x450mm*249,00 zł*4 149,00 zł*https://allegro.pl/events/clicks?emission_unit_id=5857ff3f-d6a9-47be-861f-74275d3e6648&type=OFFER&ts=1605088841378&redirect=https%3A%2F%2Fallegro.pl%2Foferta%2Fdrukarka-3d-creality-cr-10-max-450x450mm-9722253798%3Fbi_s%3Dads%26bi_m%3Dlisting%253Adesktop%253Aqueryandcategory%26bi_c%3DODljM2EyNmEtYTYwYi00ZTRjLTlmMjItMjhjNjA5YmI5N2QzAA%26bi_t%3Dape&placement=listing:desktop:queryandcategory&sig=fe79998c6c25b7d98abc47ad2fcd2004
*BLENDER KIELICHOWY DO KOKTAJLI SMOOTHIE MIKSER*559,00 zł*118,90 zł*https://allegro.pl/oferta/blender-kielichowy-do-koktajli-smoothie-mikser-9587066564
*ODKURZACZ BEZWORKOWY CYKLONOWY 3300 +TURBOSZCZOTKA*1000,00 zł*309,00 zł*https://allegro.pl/oferta/odkurzacz-bezworkowy-cyklonowy-3300-turboszczotka-8833004323
*ROBOT KUCHENNY PLANETARNY MIKSER 1400W MISA 6L*1499,00 zł*599,99 zł*https://allegro.pl/oferta/robot-kuchenny-planetarny-mikser-1400w-misa-6l-8340695407
*ROBOT KUCHENNY MIKSER PLANETARNY ROBOMAX X-2000-W*539,00 zł*449,00 zł*https://allegro.pl/oferta/robot-kuchenny-mikser-planetarny-robomax-x-2000-w-7715796559
*ODKURZACZ BEZWORKOWY CYKLONOWY 3200 +TURBOSZCZOTKA*299,00 zł*289,00 zł*https://allegro.pl/oferta/odkurzacz-bezworkowy-cyklonowy-3200-turboszczotka-7773717022
*SOKOWIRÓWKA WYSOKOOBROTOWA INOX KERCH FRUIT 1400W*349,00 zł*149,00 zł*https://allegro.pl/oferta/sokowirowka-wysokoobrotowa-inox-kerch-fruit-1400w-9275881986
*BLENDER KIELICHOWY STOJĄCY MIKSER X-850-W KOLIBER*400,00 zł*139,00 zł*https://allegro.pl/oferta/blender-kielichowy-stojacy-mikser-x-850-w-koliber-6907067954
